{
  "app:go-back": [
    {
      "modifiers": [
        "Alt"
      ],
      "key": "ArrowLeft"
    }
  ],
  "app:go-forward": [
    {
      "modifiers": [
        "Alt"
      ],
      "key": "ArrowRight"
    }
  ],
  "cycle-through-panes:cycle-through-panes": [
    {
      "modifiers": [
        "Alt"
      ],
      "key": "Q"
    }
  ],
  "cycle-through-panes:cycle-through-panes-reverse": [],
  "editor:fold-all": [
    {
      "modifiers": [
        "Alt"
      ],
      "key": "1"
    }
  ],
  "app:toggle-left-sidebar": [],
  "app:toggle-right-sidebar": [],
  "editor:toggle-fold": [],
  "editor:unfold-all": [
    {
      "modifiers": [
        "Alt"
      ],
      "key": "2"
    }
  ],
  "window-collapse:collapse-sidebars": [
    {
      "modifiers": [
        "Alt"
      ],
      "key": "W"
    }
  ],
  "obsidian-minimal-settings:toggle-minimal-focus-mode": [],
  "file-explorer:reveal-active-file": [
    {
      "modifiers": [
        "Alt"
      ],
      "key": "`"
    }
  ],
  "obsidian-excalidraw-plugin:insert-link-to-element": [],
  "obsidian-excalidraw-plugin:insert-link": [
    {
      "modifiers": [
        "Alt"
      ],
      "key": "3"
    }
  ],
  "cmenu-plugin:editor:toggle-highlight": [
    {
      "modifiers": [
        "Mod"
      ],
      "key": "T"
    }
  ]
}