{
  "main": {
    "id": "37cb32b598260a42",
    "type": "split",
    "children": [
      {
        "id": "801aeda66a9662f2",
        "type": "tabs",
        "children": [
          {
            "id": "4ae1b1d1cea349ab",
            "type": "leaf",
            "state": {
              "type": "markdown",
              "state": {
                "file": "Library/Logging.md",
                "mode": "source",
                "source": true
              }
            }
          },
          {
            "id": "4caffb38347d1e63",
            "type": "leaf",
            "state": {
              "type": "markdown",
              "state": {
                "file": "Library/Re.md",
                "mode": "source",
                "source": true
              }
            }
          }
        ],
        "currentTab": 1
      }
    ],
    "direction": "vertical"
  },
  "left": {
    "id": "27a090eafe75e0b3",
    "type": "split",
    "children": [
      {
        "id": "f3116d400397bcd8",
        "type": "tabs",
        "children": [
          {
            "id": "d5a80f4d32e06db2",
            "type": "leaf",
            "state": {
              "type": "file-explorer",
              "state": {
                "sortOrder": "alphabetical"
              }
            }
          },
          {
            "id": "0ed1a107b1dbdc24",
            "type": "leaf",
            "state": {
              "type": "search",
              "state": {
                "query": "re",
                "matchingCase": false,
                "explainSearch": false,
                "collapseAll": false,
                "extraContext": false,
                "sortOrder": "alphabetical"
              }
            }
          }
        ]
      }
    ],
    "direction": "horizontal",
    "width": 276.5
  },
  "right": {
    "id": "da1b9f8564dd3b8e",
    "type": "split",
    "children": [
      {
        "id": "33ee2e3c6e4b34d5",
        "type": "tabs",
        "children": [
          {
            "id": "82fe5a8a329f8d07",
            "type": "leaf",
            "state": {
              "type": "backlink",
              "state": {
                "file": "Library/Re.md",
                "collapseAll": false,
                "extraContext": true,
                "sortOrder": "alphabetical",
                "showSearch": true,
                "searchQuery": "",
                "backlinkCollapsed": false,
                "unlinkedCollapsed": true
              }
            }
          },
          {
            "id": "080dcd062a4dbcc6",
            "type": "leaf",
            "state": {
              "type": "advanced-tables-toolbar",
              "state": {}
            }
          },
          {
            "id": "2b018e289d06822b",
            "type": "leaf",
            "state": {
              "type": "outline",
              "state": {
                "file": "Library/Re.md"
              }
            }
          }
        ],
        "currentTab": 1
      }
    ],
    "direction": "horizontal",
    "width": 196.1999969482422
  },
  "active": "4caffb38347d1e63",
  "lastOpenFiles": [
    "AAA/Overview of Style.md",
    "AAA/Overview of Data Structure.md",
    "AAA/Overview of File Conversion.md",
    "AAA/Decorator.md",
    "Library/Re.md",
    "Library/Matplot.md",
    "AAA/Overview of Algorithm.md",
    "Data Structure/Table.md",
    "AAA/Overview of Design Pattern.md",
    "AAA/Overview of Workspace.md"
  ]
}